{
  "run_id": "BL007-ASSEMBLE-20260324-220929-541533",
  "generated_at_utc": "2026-03-24T22:09:29Z",
  "elapsed_seconds": 0.342,
  "config": {
    "target_size": 10,
    "min_score_threshold": 0.35,
    "max_per_genre": 4,
    "max_consecutive": 2
  },
  "counts": {
    "candidates_evaluated": 56700,
    "tracks_included": 10,
    "tracks_excluded": 56690
  },
  "rule_hits": {
    "R2_genre_cap": 5,
    "R4_length_cap": 56685
  },
  "playlist_genre_mix": {
    "classic rock": 4,
    "pop": 4,
    "rock": 2
  },
  "playlist_score_range": {
    "max": 0.817654,
    "min": 0.703525
  },
  "input_artifact_hashes": {
    "bl006_scored_candidates.csv": "189C3DCF575D69736CFD855CE5D456AB5C391AD58EA20DEA803A216D35F8CE7C"
  },
  "output_artifact_hashes": {
    "bl007_playlist.json": "878A26CFF3D6218918FC1ECB5ED80EC1F83812636586E43637567237E266C245",
    "bl007_assembly_trace.csv": "692A1F4DE6BD32DE0D785A3D5952D901CDF98966C264A1C8D72FF1926B6DDB9E"
  }
}