{
  "score_percentiles": {
    "p10": 0.06436,
    "p25": 0.091101,
    "p50": 0.185677,
    "p75": 0.424715,
    "p90": 0.464477,
    "p95": 0.483529,
    "p99": 0.561454
  },
  "score_range": {
    "max": 0.692344,
    "min": 0.014819
  },
  "rank_cliff": {
    "detected": false,
    "rank_2_to_3_gap": 0.005257,
    "max_gap": {
      "between_rank": 7,
      "next_rank": 8,
      "score_gap": 0.010358
    },
    "classification": "smooth"
  }
}