{
  "score_percentiles": {
    "p10": 0.068598,
    "p25": 0.101851,
    "p50": 0.200437,
    "p75": 0.416699,
    "p90": 0.461627,
    "p95": 0.483753,
    "p99": 0.58874
  },
  "score_range": {
    "max": 0.726929,
    "min": 0.014819
  },
  "rank_cliff": {
    "detected": false,
    "rank_2_to_3_gap": 0.004656,
    "max_gap": {
      "between_rank": 3,
      "next_rank": 4,
      "score_gap": 0.010378
    },
    "classification": "smooth"
  }
}