{
  "score_percentiles": {
    "p10": 0.10452,
    "p25": 0.15783,
    "p50": 0.227697,
    "p75": 0.319075,
    "p90": 0.411604,
    "p95": 0.459419,
    "p99": 0.534449
  },
  "score_range": {
    "max": 0.743017,
    "min": 0.00462
  },
  "rank_cliff": {
    "detected": false,
    "rank_2_to_3_gap": 0.02112,
    "max_gap": {
      "between_rank": 1,
      "next_rank": 2,
      "score_gap": 0.022587
    },
    "classification": "smooth"
  }
}